{
  "frameWork": "Flutter",
  "version": "3.27.1",
  "component": "Icon",
  "label": "",
  "layout": [
      {
          "name": "length",
          "_type": "number",
          "value": 12,
          "enabled": true
      },
      {
          "name": "alignment",
          "_type": "select",
          "selectionList": [
              "topLeft",
              "topCenter",
              "topRight",
              "centerLeft",
              "center",
              "centerRight",
              "bottomLeft",
              "bottomCenter",
              "bottomRight"
          ],
          "value": "center",
          "enabled": true
      }
  ],
  "props": [
      {
          "name": "icon",
          "_type": "iconsearch",
          "selectionList": [
              "MdAdd",
              "MdAddAPhoto",
              "MdAddAlarm",
              "MdAddAlert",
              "MdAddBox",
              "MdAddBusiness",
              "MdAddCall",
              "MdAddCard",
              "MdAddCircle",
              "MdAddCircleOutline",
              "MdAddComment",
              "MdAddHome",
              "MdAddHomeWork",
              "MdAddIcCall",
              "MdAddLink",
              "MdAddLocation",
              "MdAddLocationAlt",
              "MdAddModerator",
              "MdAddPhotoAlternate",
              "MdAddReaction",
              "MdAddRoad",
              "MdAddShoppingCart",
              "MdAddTask",
              "MdAddToDrive",
              "MdAddToHomeScreen",
              "MdAddchart",
              "MdAdb",
              "MdAdjust",
              "MdAirlineSeatFlat",
              "MdAirlineSeatFlatAngled",
              "MdAirlineSeatIndividualSuite",
              "MdAirlineSeatLegroomExtra",
              "MdAirlineSeatLegroomNormal",
              "MdAirlineSeatLegroomReduced",
              "MdAirlineSeatReclineExtra",
              "MdAirlineSeatReclineNormal",
              "MdAirplanemodeActive",
              "MdAirplanemodeInactive",
              "MdAirplay",
              "MdAlarm",
              "MdAlarmAdd",
              "MdAlarmOff",
              "MdAlarmOn",
              "MdAlbum",
              "MdAlignHorizontalCenter",
              "MdAlignHorizontalLeft",
              "MdAlignHorizontalRight",
              "MdAlignVerticalBottom",
              "MdAlignVerticalCenter",
              "MdAlignVerticalTop",
              "MdAllInbox",
              "MdAllInclusive",
              "MdAltRoute",
              "MdAmpStories",
              "MdAnalytics",
              "MdAnchor",
              "MdAndroid",
              "MdAnnouncement",
              "MdApi",
              "MdAppBlocking",
              "MdAppSettingsAlt",
              "MdApple",
              "MdApps",
              "MdArchitecture",
              "MdArchive",
              "MdArrowBack",
              "MdArrowBackIos",
              "MdArrowBackIosNew",
              "MdArrowDownward",
              "MdArrowDropDown",
              "MdArrowDropDownCircle",
              "MdArrowDropUp",
              "MdArrowForward",
              "MdArrowForwardIos",
              "MdArrowLeft",
              "MdArrowRight",
              "MdArrowRightAlt",
              "MdArrowUpward",
              "MdArtTrack",
              "MdArticle",
              "MdAspectRatio",
              "MdAssessment",
              "MdAssignment",
              "MdAssignmentInd",
              "MdAssignmentLate",
              "MdAssignmentReturn",
              "MdAssignmentReturned",
              "MdAssignmentTurnedIn",
              "MdAssistant",
              "MdAssistantDirection",
              "MdAssistantPhoto",
              "MdAtm",
              "MdAttachEmail",
              "MdAttachFile",
              "MdAttachMoney",
              "MdAttachment",
              "MdAttractions",
              "MdAudiotrack",
              "MdAutoAwesome",
              "MdAutoAwesomeMosaic",
              "MdAutoAwesomeMotion",
              "MdAutoDelete",
              "MdAutofpsSelect",
              "MdAutorenew",
              "MdAvTimer",
              "MdBabyChangingStation",
              "MdBackpack",
              "MdBackspace",
              "MdBackup",
              "MdBackupTable",
              "MdBalcony",
              "MdBallot",
              "MdBarChart",
              "MdBatchPrediction",
              "MdBathroom",
              "MdBathtub",
              "MdBatteryAlert",
              "MdBatteryChargingFull",
              "MdBatteryFull",
              "MdBatterySaver",
              "MdBatteryStd",
              "MdBatteryUnknown",
              "MdBeachAccess",
              "MdBed",
              "MdBedroomBaby",
              "MdBedroomParent",
              "MdBeenhere",
              "MdBento",
              "MdBikeScooter",
              "MdBiotech",
              "MdBlock",
              "MdBlockFlipped",
              "MdBluetooth",
              "MdBluetoothAudio",
              "MdBluetoothConnected",
              "MdBluetoothDisabled",
              "MdBluetoothSearching",
              "MdBlurCircular",
              "MdBlurLinear",
              "MdBlurOff",
              "MdBlurOn",
              "MdBook",
              "MdBookmark",
              "MdBookmarkAdd",
              "MdBookmarkAdded",
              "MdBookmarkBorder",
              "MdBookmarkRemove",
              "MdBookmarks",
              "MdBorderAll",
              "MdBorderBottom",
              "MdBorderClear",
              "MdBorderColor",
              "MdBorderHorizontal",
              "MdBorderInner",
              "MdBorderLeft",
              "MdBorderOuter",
              "MdBorderRight",
              "MdBorderStyle",
              "MdBorderTop",
              "MdBorderVertical",
              "MdBrandingWatermark",
              "MdBreakfastDining",
              "MdBrightnessAuto",
              "MdBrightnessHigh",
              "MdBrightnessLow",
              "MdBrightnessMedium",
              "MdBrokenImage",
              "MdBrowserNotSupported",
              "MdBrunchDining",
              "MdBrush",
              "MdBubbleChart",
              "MdBugReport",
              "MdBuild",
              "MdBuildCircle",
              "MdBungalow",
              "MdBurstMode",
              "MdBusiness",
              "MdBusinessCenter",
              "MdCached",
              "MdCake",
              "MdCalculate",
              "MdCalendarToday",
              "MdCalendarViewDay",
              "MdCall",
              "MdCallEnd",
              "MdCallMade",
              "MdCallMerge",
              "MdCallMissed",
              "MdCallMissedOutgoing",
              "MdCallReceived",
              "MdCallSplit",
              "MdCamera",
              "MdCameraAlt",
              "MdCameraEnhance",
              "MdCameraFront",
              "MdCameraRear",
              "MdCameraRoll",
              "MdCancel",
              "MdCardGiftcard",
              "MdCardMembership",
              "MdCardTravel",
              "MdCarRental",
              "MdCarRepair",
              "MdCast",
              "MdCastConnected",
              "MdCenterFocusWeak",
              "MdCenterFocus",
              "MdCheck",
              "MdCheckCircle",
              "MdCheckCircleOutline",
              "MdCheckBox",
              "MdCheckBoxOutlineBlank",
              "MdChevronLeft",
              "MdChevronRight",
              "MdChildCare",
              "MdChildFriendly",
              "MdChromeReaderMode",
              "MdClass",
              "MdClear",
              "MdClearAll",
              "MdClose",
              "MdCloseFullscreen",
              "MdCloud",
              "MdCloudCircle",
              "MdCloudDone",
              "MdCloudDownload",
              "MdCloudOff",
              "MdCloudQueue",
              "MdCloudUpload",
              "MdCode",
              "MdCodeOff",
              "MdCollections",
              "MdCollectionsBookmark",
              "MdColorLens",
              "MdColorize",
              "MdComment",
              "MdCommentBank",
              "MdCommute",
              "MdCompare",
              "MdCompareArrows",
              "MdCompassCalibration",
              "MdComputer",
              "MdConfirmationNumber",
              "MdContactMail",
              "MdContactPhone",
              "MdContacts",
              "MdContentCopy",
              "MdContentCut",
              "MdContentPaste",
              "MdControlCamera",
              "MdControlPoint",
              "MdControlPointDuplicate",
              "MdCopy",
              "MdCreate",
              "MdCreateNewFolder",
              "MdCreditCard",
              "MdCrop",
              "MdCrop169",
              "MdCrop32",
              "MdCrop54",
              "MdCrop75",
              "MdCropDin",
              "MdCropFree",
              "MdCropLandscape",
              "MdCropOriginal",
              "MdCropPortrait",
              "MdCropRotate",
              "MdCropSquare",
              "MdDashboard",
              "MdDataUsage",
              "MdDateRange",
              "MdDeblur",
              "MdDeck",
              "MdDelete",
              "MdDeleteForever",
              "MdDeleteOutline",
              "MdDepartureBoard",
              "MdDescription",
              "MdDesktopMac",
              "MdDesktopWindows",
              "MdDetails",
              "MdDeveloperBoard",
              "MdDeveloperMode",
              "MdDeviceHub",
              "MdDeviceUnknown",
              "MdDevices",
              "MdDevicesOther",
              "MdDialerSip",
              "MdDialpad",
              "MdDirections",
              "MdDirectionsBike",
              "MdDirectionsBoat",
              "MdDirectionsBus",
              "MdDirectionsCar",
              "MdDirectionsRailway",
              "MdDirectionsRun",
              "MdDirectionsSubway",
              "MdDirectionsTransit",
              "MdDashboard",
              "MdDataUsage",
              "MdDateRange",
              "MdDeblur",
              "MdDeck",
              "MdDelete",
              "MdDeleteForever",
              "MdDeleteOutline",
              "MdDepartureBoard",
              "MdDescription",
              "MdDesktopMac",
              "MdDesktopWindows",
              "MdDetails",
              "MdDeveloperBoard",
              "MdDeveloperMode",
              "MdDeviceHub",
              "MdDeviceUnknown",
              "MdDevices",
              "MdDevicesOther",
              "MdDialerSip",
              "MdDialpad",
              "MdDirections",
              "MdDirectionsBike",
              "MdDirectionsBoat",
              "MdDirectionsBus",
              "MdDirectionsCar",
              "MdDirectionsRailway",
              "MdDirectionsRun",
              "MdDirectionsSubway",
              "MdDirectionsTransit",
              "MdDisabledByDefault",
              "MdDiscFull",
              "MdDns",
              "MdDoDisturb",
              "MdDoDisturbAlt",
              "MdDoDisturbOff",
              "MdDoDisturbOn",
              "MdDomain",
              "MdDomainDisabled",
              "MdDone",
              "MdDoneAll",
              "MdDoneOutline",
              "MdDonutLarge",
              "MdDonutSmall",
              "MdDrafts",
              "MdDragHandle",
              "MdDriveEta",
              "MdDvr",
              "MdEdit",
              "MdEditLocation",
              "MdEditNotifications",
              "MdEject",
              "MdEmail",
              "MdEnhancedEncryption",
              "MdEqualizer",
              "MdError",
              "MdErrorOutline",
              "MdEscalator",
              "MdEscalatorWarning",
              "MdEuroSymbol",
              "MdEvent",
              "MdEventAvailable",
              "MdEventBusy",
              "MdEventNote",
              "MdEventSeat",
              "MdExitToApp",
              "MdExpandLess",
              "MdExpandMore",
              "MdExplicit",
              "MdExplore",
              "MdExploreOff",
              "MdExposure",
              "MdExposureNeg1",
              "MdExposureNeg2",
              "MdExposurePlus1",
              "MdExposurePlus2",
              "MdExposureZero",
              "MdExtension",
              "MdFace",
              "MdFastForward",
              "MdFastRewind",
              "MdFavorite",
              "MdFavoriteBorder",
              "MdFeaturedPlayList",
              "MdFeaturedVideo",
              "MdFeedback",
              "MdFiberDvr",
              "MdFiberManualRecord",
              "MdFiberNew",
              "MdFiberPin",
              "MdFiberSmartRecord",
              "MdFileCopy",
              "MdFileDownload",
              "MdFileDownloadDone",
              "MdFileDownloadOff",
              "MdFileOpen",
              "MdFilePresent",
              "MdFileUpload",
              "MdFilter",
              "MdFilter1",
              "MdFilter2",
              "MdFilter3",
              "MdFilter4",
              "MdFilter5",
              "MdFilter6",
              "MdFilter7",
              "MdFilter8",
              "MdFilter9",
              "MdFilter9Plus",
              "MdFilterBAndW",
              "MdFilterCenterFocus",
              "MdFilterDrama",
              "MdFilterFrames",
              "MdFilterHdr",
              "MdFilterNone",
              "MdFilterTiltShift",
              "MdFilterVintage",
              "MdFindInPage",
              "MdFindReplace",
              "MdFingerprint",
              "MdFirstPage",
              "MdFlag",
              "MdFlaky",
              "MdFlight",
              "MdFlightClass",
              "MdFlightLand",
              "MdFlightTakeoff",
              "MdFlip",
              "MdFlipCameraAndroid",
              "MdFlipCameraIos",
              "MdFolder",
              "MdFolderOpen",
              "MdFolderShared",
              "MdFolderSpecial",
              "MdFontDownload",
              "MdFormatAlignCenter",
              "MdFormatAlignJustify",
              "MdFormatAlignLeft",
              "MdFormatAlignRight",
              "MdFormatBold",
              "MdFormatClear",
              "MdFormatColorFill",
              "MdFormatColorReset",
              "MdFormatColorText",
              "MdFormatIndentDecrease",
              "MdFormatIndentIncrease",
              "MdFormatItalic",
              "MdFormatLineSpacing",
              "MdFormatListBulleted",
              "MdFormatListNumbered",
              "MdFormatPaint",
              "MdFormatQuote",
              "MdFormatShapes",
              "MdFormatSize",
              "MdFormatStrikethrough",
              "MdFormatTextdirectionLToR",
              "MdFormatTextdirectionRToL",
              "MdFormatUnderlined",
              "MdForum",
              "MdForward",
              "MdForward10",
              "MdForward30",
              "MdForward5",
              "MdFreeBreakfast",
              "MdFullscreen",
              "MdFullscreenExit",
              "MdFunctions",
              "MdGTranslate",
              "MdGamepad",
              "MdGames",
              "MdGavel",
              "MdGesture",
              "MdGetApp",
              "MdGif",
              "MdGolfCourse",
              "MdGpsFixed",
              "MdGpsNotFixed",
              "MdGpsOff",
              "MdGrade",
              "MdGradient",
              "MdGrain",
              "MdGraphicEq",
              "MdGridOff",
              "MdGridOn",
              "MdGroup",
              "MdGroupAdd",
              "MdGroupRemove",
              "MdGroupWork",
              "MdHd",
              "MdHdrOff",
              "MdHdrOn",
              "MdHdrStrong",
              "MdHdrWeak",
              "MdHeadset",
              "MdHeadsetMic",
              "MdHealing",
              "MdHearing",
              "MdHelp",
              "MdHelpOutline",
              "MdHighQuality",
              "MdHighlight",
              "MdHighlightOff",
              "MdHistory",
              "MdHome",
              "MdHomeFilled",
              "MdHomeWork",
              "MdHorizontalSplit",
              "MdHotTub",
              "MdHotel",
              "MdHourglassEmpty",
              "MdHourglassFull",
              "MdHttp",
              "MdHttps",
              "MdIcecream",
              "MdImage",
              "MdImageAspectRatio",
              "MdImageSearch",
              "MdImportContacts",
              "MdImportExport",
              "MdImportantDevices",
              "MdInbox",
              "MdIndeterminateCheckBox",
              "MdInfo",
              "MdInfoOutline",
              "MdInput",
              "MdInsertChart",
              "MdInsertChartOutlined",
              "MdInsertComment",
              "MdInsertDriveFile",
              "MdInsertEmoticon",
              "MdInsertInvitation",
              "MdInsertLink",
              "MdInsertPhoto",
              "MdInvertColors",
              "MdInvertColorsOff",
              "MdIso",
              "MdKeyboard",
              "MdKeyboardArrowDown",
              "MdKeyboardArrowLeft",
              "MdKeyboardArrowRight",
              "MdKeyboardArrowUp",
              "MdKeyboardBackspace",
              "MdKeyboardCapslock",
              "MdKeyboardHide",
              "MdKeyboardReturn",
              "MdKeyboardTab",
              "MdKeyboardVoice",
              "MdKitchen",
              "MdLabel",
              "MdLabelOutline",
              "MdLandscape",
              "MdLanguage",
              "MdLaptop",
              "MdLaptopChromebook",
              "MdLaptopMac",
              "MdLaptopWindows",
              "MdLastPage",
              "MdLaunch",
              "MdLayers",
              "MdLayersClear",
              "MdLeakAdd",
              "MdLeakRemove",
              "MdLens",
              "MdLibraryAdd",
              "MdLibraryAddCheck",
              "MdLibraryBooks",
              "MdLibraryMusic",
              "MdLightbulb",
              "MdLineStyle",
              "MdLineWeight",
              "MdLinearScale",
              "MdLink",
              "MdLinkOff",
              "MdLinkedCamera",
              "MdList",
              "MdListAlt",
              "MdLiveHelp",
              "MdLiveTv",
              "MdLocalActivity",
              "MdLocalAirport",
              "MdLocalAtm",
              "MdLocalBar",
              "MdLocalCafe",
              "MdLocalCarWash",
              "MdLocalConvenienceStore",
              "MdLocalDining",
              "MdLocalDrink",
              "MdLocalFireDepartment",
              "MdLocalFlorist",
              "MdLocalGasStation",
              "MdLocalGroceryStore",
              "MdLocalHospital",
              "MdLocalHotel",
              "MdLocalLaundryService",
              "MdLocalLibrary",
              "MdLocalMall",
              "MdLocalMovies",
              "MdLocalOffer",
              "MdLocalParking",
              "MdLocalPharmacy",
              "MdLocalPhone",
              "MdLocalPizza",
              "MdLocalPlay",
              "MdLocalPolice",
              "MdLocalPostOffice",
              "MdLocalPrintshop",
              "MdLocalSee",
              "MdLocalShipping",
              "MdLocalTaxi",
              "MdLocationCity",
              "MdLocationDisabled",
              "MdLocationOff",
              "MdLocationOn",
              "MdLocationSearching",
              "MdLock",
              "MdLockClock",
              "MdLockOpen",
              "MdLockOutline",
              "MdLogin",
              "MdLooks",
              "MdLooks3",
              "MdLooks4",
              "MdLooks5",
              "MdLooks6",
              "MdLooksOne",
              "MdLooksTwo",
              "MdLoop",
              "MdLoupe",
              "MdLowPriority",
              "MdMail",
              "MdMailOutline",
              "MdMap",
              "MdMapsHomeWork",
              "MdMargin",
              "MdMarkunread",
              "MdMarkunreadMailbox",
              "MdMemory",
              "MdMenu",
              "MdMenuBook",
              "MdMenuOpen",
              "MdMap",
              "MdJoystick",
              "MdJoinFull",
              "MdJoinInner",
              "MdJoinLeft",
              "MdJoinRight",
              "MdKitchen",
              "MdKeyboard",
              "MdKeyboardArrowDown",
              "MdKeyboardArrowLeft",
              "MdKeyboardArrowRight",
              "MdKeyboardArrowUp",
              "MdKeyboardBackspace",
              "MdKeyboardCapslock",
              "MdKeyboardHide",
              "MdKeyboardReturn",
              "MdKeyboardTab",
              "MdKeyboardVoice",
              "MdLabel",
              "MdLabelOutline",
              "MdLandscape",
              "MdLanguage",
              "MdLaptop",
              "MdLaptopChromebook",
              "MdLaptopMac",
              "MdLaptopWindows",
              "MdLastPage",
              "MdLaunch",
              "MdLayers",
              "MdLayersClear",
              "MdLeakAdd",
              "MdLeakRemove",
              "MdLens",
              "MdLibraryAdd",
              "MdLibraryAddCheck",
              "MdLibraryBooks",
              "MdLibraryMusic",
              "MdLightbulb",
              "MdLineStyle",
              "MdLineWeight",
              "MdLinearScale",
              "MdLink",
              "MdLinkOff",
              "MdLinkedCamera",
              "MdList",
              "MdListAlt",
              "MdLiveHelp",
              "MdLiveTv",
              "MdLocalActivity",
              "MdLocalAirport",
              "MdLocalAtm",
              "MdLocalBar",
              "MdLocalCafe",
              "MdLocalCarWash",
              "MdLocalConvenienceStore",
              "MdLocalDining",
              "MdLocalDrink",
              "MdLocalFireDepartment",
              "MdLocalFlorist",
              "MdLocalGasStation",
              "MdLocalGroceryStore",
              "MdLocalHospital",
              "MdLocalHotel",
              "MdLocalLaundryService",
              "MdLocalLibrary",
              "MdLocalMall",
              "MdLocalMovies",
              "MdLocalOffer",
              "MdLocalParking",
              "MdLocalPharmacy",
              "MdLocalPhone",
              "MdLocalPizza",
              "MdLocalPlay",
              "MdLocalPolice",
              "MdLocalPostOffice",
              "MdLocalPrintshop",
              "MdLocalSee",
              "MdLocalShipping",
              "MdLocalTaxi",
              "MdLocationCity",
              "MdLocationDisabled",
              "MdLocationOff",
              "MdLocationOn",
              "MdLocationSearching",
              "MdLock",
              "MdLockClock",
              "MdLockOpen",
              "MdLockOutline",
              "MdLogin",
              "MdLooks",
              "MdLooks3",
              "MdLooks4",
              "MdLooks5",
              "MdLooks6",
              "MdLooksOne",
              "MdLooksTwo",
              "MdLoop",
              "MdLoupe",
              "MdLowPriority",
              "MdMail",
              "MdMailOutline",
              "MdMap",
              "MdMapsHomeWork",
              "MdMargin",
              "MdMarkunread",
              "MdMarkunreadMailbox",
              "MdMemory",
              "MdMenu",
              "MdMenuBook",
              "MdMenuOpen",
              "MdMergeType",
              "MdMessage",
              "MdMic",
              "MdMicNone",
              "MdMicOff",
              "MdMinimize",
              "MdMissedVideoCall",
              "MdMms",
              "MdModeComment",
              "MdModeEdit",
              "MdMonetizationOn",
              "MdMoney",
              "MdMoneyOff",
              "MdMonochromePhotos",
              "MdMood",
              "MdMoodBad",
              "MdMore",
              "MdMoreHoriz",
              "MdMoreVert",
              "MdMotorcycle",
              "MdMouse",
              "MdMoveToInbox",
              "MdMovie",
              "MdMovieCreation",
              "MdMovieFilter",
              "MdMultilineChart",
              "MdMusicNote",
              "MdMusicOff",
              "MdMyLocation",
              "MdNature",
              "MdNaturePeople",
              "MdNavigateBefore",
              "MdNavigateNext",
              "MdNavigation",
              "MdNearMe",
              "MdNearMeDisabled",
              "MdNetworkCell",
              "MdNetworkCheck",
              "MdNetworkLocked",
              "MdNetworkWifi",
              "MdNewReleases",
              "MdNextWeek",
              "MdNfc",
              "MdNoEncryption",
              "MdNoEncryptionGmailerrorred",
              "MdNoSim",
              "MdNotInterested",
              "MdNote",
              "MdNoteAdd",
              "MdNotifications",
              "MdNotificationsActive",
              "MdNotificationsNone",
              "MdNotificationsOff",
              "MdNotificationsPaused",
              "MdOfflineBolt",
              "MdOfflinePin",
              "MdOnDemandVideo",
              "MdOnlinePrediction",
              "MdOpacity",
              "MdOpenInBrowser",
              "MdOpenInNew",
              "MdOpenWith",
              "MdPager",
              "MdPageview",
              "MdPalette",
              "MdPanTool",
              "MdPanorama",
              "MdPanoramaFishEye",
              "MdPanoramaHorizontal",
              "MdPanoramaVertical",
              "MdPanoramaWideAngle",
              "MdPartyMode",
              "MdPause",
              "MdPauseCircleFilled",
              "MdPauseCircleOutline",
              "MdPayment",
              "MdPaymentOutlined",
              "MdPermCameraMic",
              "MdPermContactCalendar",
              "MdPermDataSetting",
              "MdPermDeviceInformation",
              "MdPermIdentity",
              "MdPermMedia",
              "MdPermPhoneMsg",
              "MdPermScanWifi",
              "MdPerson",
              "MdPersonAdd",
              "MdPersonAddAlt",
              "MdPersonAddAlt1",
              "MdPersonOutline",
              "MdPersonPin",
              "MdPersonPinCircle",
              "MdPersonalVideo",
              "MdPets",
              "MdPhone",
              "MdPhoneAndroid",
              "MdPhoneBluetoothSpeaker",
              "MdPhoneForwarded",
              "MdPhoneInTalk",
              "MdPhoneIphone",
              "MdPhoneLocked",
              "MdPhoneMissed",
              "MdPhonePaused",
              "MdPhonelink",
              "MdPhonelinkErase",
              "MdPhonelinkLock",
              "MdPhonelinkOff",
              "MdPhonelinkRing",
              "MdPhonelinkSetup",
              "MdPhoto",
              "MdPhotoAlbum",
              "MdPhotoCamera",
              "MdPhotoCameraFront",
              "MdPhotoFilter",
              "MdPhotoLibrary",
              "MdPhotoSizeSelectActual",
              "MdPhotoSizeSelectLarge",
              "MdPhotoSizeSelectSmall",
              "MdPictureAsPdf",
              "MdPictureInPicture",
              "MdPictureInPictureAlt",
              "MdPinDrop",
              "MdPlace",
              "MdPlayArrow",
              "MdPlayCircleFilled",
              "MdPlayCircleOutline",
              "MdPlayForWork",
              "MdPlaylistAdd",
              "MdPlaylistAddCheck",
              "MdPlaylistPlay",
              "MdPlusOne",
              "MdPoll",
              "MdPolygon",
              "MdPool",
              "MdPortableWifiOff",
              "MdPortrait",
              "MdPower",
              "MdPowerInput",
              "MdPowerOff",
              "MdPowerSettingsNew",
              "MdPregnantWoman",
              "MdPresentToAll",
              "MdPrint",
              "MdPrintDisabled",
              "MdPriorityHigh",
              "MdPublic",
              "MdPublish",
              "MdQueryBuilder",
              "MdQuestionAnswer",
              "MdQueue",
              "MdQueueMusic",
              "MdQueuePlayNext",
              "MdQuickreply",
              "MdRadio",
              "MdRadioButtonChecked",
              "MdRadioButtonUnchecked",
              "MdRateReview",
              "MdRemove",
              "MdRemoveCircle",
              "MdRemoveCircleOutline",
              "MdRemoveFromQueue",
              "MdRemoveRedEye",
              "MdRemoveShoppingCart",
              "MdReorder",
              "MdReplay",
              "MdReplay10",
              "MdReplay30",
              "MdReplay5",
              "MdReply",
              "MdReplyAll",
              "MdReport",
              "MdReportOff",
              "MdReportProblem",
              "MdRestaurant",
              "MdRestaurantMenu",
              "MdRestore",
              "MdRestoreFromTrash",
              "MdRestorePage",
              "MdRingVolume",
              "MdRoom",
              "MdRoomService",
              "MdRotate90DegreesCcw",
              "MdRotateLeft",
              "MdRotateRight",
              "MdRoundedCorner",
              "MdRouter",
              "MdRowing",
              "MdRssFeed",
              "MdRvHookup",
              "MdSatellite",
              "MdSave",
              "MdSaveAlt",
              "MdScanner",
              "MdSchedule",
              "MdSchool",
              "MdScreenLockLandscape",
              "MdScreenLockPortrait",
              "MdScreenLockRotation",
              "MdScreenRotation",
              "MdScreenShare",
              "MdSdCard",
              "MdSdStorage",
              "MdSearch",
              "MdSearchOff",
              "MdSecurity",
              "MdSelectAll",
              "MdSend",
              "MdSensorDoor",
              "MdSentimentDissatisfied",
              "MdSentimentNeutral",
              "MdSentimentSatisfied",
              "MdSentimentVeryDissatisfied",
              "MdSentimentVerySatisfied",
              "MdSettings",
              "MdSettingsApplications",
              "MdSettingsBackupRestore",
              "MdSettingsBluetooth",
              "MdSettingsBrightness",
              "MdSettingsCell",
              "MdSettingsEthernet",
              "MdSettingsInputAntenna",
              "MdSettingsInputComponent",
              "MdSettingsInputComposite",
              "MdSettingsInputHdmi",
              "MdSettingsInputSvideo",
              "MdSettingsOverscan",
              "MdSettingsPhone",
              "MdSettingsPower",
              "MdSettingsRemote",
              "MdSettingsSystemDaydream",
              "MdSettingsVoice",
              "MdShare",
              "MdShareLocation",
              "MdShop",
              "MdShopTwo",
              "MdShoppingBag",
              "MdShoppingBasket",
              "MdShoppingCart",
              "MdShortText",
              "MdShowChart",
              "MdShuffle",
              "MdSignalCellular4Bar",
              "MdSignalCellularConnectedNoInternet4Bar",
              "MdSignalCellularNoSim",
              "MdSignalCellularNull",
              "MdSignalCellularOff",
              "MdSignalWifi4Bar",
              "MdSignalWifi4BarLock",
              "MdSignalWifiOff",
              "MdSimCard",
              "MdSimCardAlert",
              "MdSingleBed",
              "MdSkipNext",
              "MdSkipPrevious",
              "MdSlideshow",
              "MdSlowMotionVideo",
              "MdSmartphone",
              "MdSmokeFree",
              "MdSmokingRooms",
              "MdSms",
              "MdSmsFailed",
              "MdSnooze",
              "MdSocialDistance",
              "MdSort",
              "MdSortByAlpha",
              "MdSpa",
              "MdSpaceBar",
              "MdSpeaker",
              "MdSpeakerGroup",
              "MdSpeakerNotes",
              "MdSpeakerNotesOff",
              "MdSpeed",
              "MdSpellcheck",
              "MdSports",
              "MdSportsBar",
              "MdSportsBaseball",
              "MdSportsBasketball",
              "MdSportsCricket",
              "MdSportsEsports",
              "MdSportsFootball",
              "MdSportsGolf",
              "MdSportsHockey",
              "MdSportsKabaddi",
              "MdSportsMma",
              "MdSportsMotorsports",
              "MdSportsRugby",
              "MdSportsSoccer",
              "MdSportsTennis",
              "MdSportsVolleyball",
              "MdSquareFoot",
              "MdStackedBarChart",
              "MdStadium",
              "MdStar",
              "MdStarBorder",
              "MdStarHalf",
              "MdStarOutline",
              "MdStars",
              "MdStayCurrentLandscape",
              "MdStayCurrentPortrait",
              "MdStayPrimaryLandscape",
              "MdStayPrimaryPortrait",
              "MdStop",
              "MdStopCircle",
              "MdStopScreenShare",
              "MdStorage",
              "MdStore",
              "MdStoreMallDirectory",
              "MdStorefront",
              "MdStraighten",
              "MdStrikethroughS",
              "MdStyle",
              "MdSubdirectoryArrowLeft",
              "MdSubdirectoryArrowRight",
              "MdSubject",
              "MdSubtitles",
              "MdSubway",
              "MdSupervisedUserCircle",
              "MdSupervision",
              "MdSurroundSound",
              "MdSwapCalls",
              "MdSwapHoriz",
              "MdSwapVert",
              "MdSwapVerticalCircle",
              "MdSwitchCamera",
              "MdSwitchVideo",
              "MdSync",
              "MdSyncDisabled",
              "MdSyncProblem",
              "MdSystemUpdate",
              "MdSystemUpdateAlt",
              "MdTab",
              "MdTabUnselected",
              "MdTablet",
              "MdTabletAndroid",
              "MdTabletMac",
              "MdTapAndPlay",
              "MdTerrain",
              "MdTextFields",
              "MdTextFormat",
              "MdTextsms",
              "MdTheaters",
              "MdThumbDown",
              "MdThumbUp",
              "MdThumbsUpDown",
              "MdTimeToLeave",
              "MdTimelapse",
              "MdTimeline",
              "MdTimer",
              "MdTimer10",
              "MdTimer3",
              "MdTimerOff",
              "MdTitle",
              "MdToc",
              "MdToday",
              "MdToll",
              "MdTonality",
              "MdTouchApp",
              "MdTour",
              "MdToys",
              "MdTrackChanges",
              "MdTraffic",
              "MdTrain",
              "MdTram",
              "MdTransferWithinAStation",
              "MdTransform",
              "MdTranslate",
              "MdTrendingDown",
              "MdTrendingFlat",
              "MdTrendingUp",
              "MdTune",
              "MdTurnedIn",
              "MdTurnedInNot",
              "MdTv",
              "MdTvOff",
              "MdTwoWheeler",
              "MdTypewriter",
              "MdUmbrella",
              "MdUndo",
              "MdUnfoldLess",
              "MdUnfoldMore",
              "MdUpdate",
              "MdUsb",
              "MdVibration",
              "MdVideoCall",
              "MdVideoCameraBack",
              "MdVideoCameraFront",
              "MdVideoFile",
              "MdVideocam",
              "MdVideocamOff",
              "MdVideogameAsset",
              "MdViewAgenda",
              "MdViewArray",
              "MdViewCarousel",
              "MdViewColumn",
              "MdViewComfy",
              "MdViewCompact",
              "MdViewDay",
              "MdViewHeadline",
              "MdViewList",
              "MdViewModule",
              "MdViewQuilt",
              "MdViewStream",
              "MdViewWeek",
              "MdVignette",
              "MdVisibility",
              "MdVisibilityOff",
              "MdVoiceChat",
              "MdVoiceOverOff",
              "MdVoicemail",
              "MdVolumeDown",
              "MdVolumeMute",
              "MdVolumeOff",
              "MdVolumeUp",
              "MdVpnKey",
              "MdVpnLock",
              "MdWallpaper",
              "MdWarning",
              "MdWash",
              "MdWatch",
              "MdWatchLater",
              "MdWaves",
              "MdWeb",
              "MdWebAsset",
              "MdWebAssetOff",
              "MdWeekend",
              "MdWhatshot",
              "MdWhereToVote",
              "MdWidgets",
              "MdWifi",
              "MdWifiCalling",
              "MdWifiCalling3",
              "MdWifiLock",
              "MdWifiOff",
              "MdWifiTethering",
              "MdWork",
              "MdWorkOff",
              "MdWorkOutline",
              "MdXRay",
              "MdYard",
              "MdZoomIn",
              "MdZoomOut"
          ],
          "value": "",
          "enabled": true
      },
      {
          "name": "size",
          "_type": "select",
          "selectionList": [
              "none",
              "small",
              "medium",
              "large"
          ],
          "value": "medium",
          "enabled": true
      },
      {
          "name": "type",
          "_type": "select",
          "selectionList": [
              "primary",
              "secondary",
              "tertiary",
              "transparent"
          ],
          "value": "primary",
          "enabled": true
      },
      {
          "name": "tooltip",
          "_type": "string",
          "value": "",
          "enabled": true
      }
  ],
  "events": [
      {
          "name": "onTap",
          "enabled": true
      },
      {
          "name": "onLongPress",
          "enabled": true
      },
      {
          "name": "onDoubleTap",
          "enabled": true
      }
  ]
}